{
  "total_requests": 200,
  "success": 200,
  "failure": 0,
  "duplicate_trades": 0,
  "error_rate_percent": 0.0,
  "time_seconds": 6.1186842918396,
  "throughput_req_s": 32.68676572620965,
  "avg_latency_ms": 116.40111446380615,
  "p90_latency_ms": 426.21374130249023,
  "p95_latency_ms": 668.0951118469238,
  "status_counts": {
    "http_200": 200
  }
}