{
  "total_requested": 100,
  "success": 100,
  "failure": 0,
  "duplicate_deck_count": 0,
  "time_seconds": 5.07669472694397,
  "throughput_req_s": 19.69785566763776,
  "avg_latency_ms": 13.804881572723389,
  "p90_latency_ms": 16.54839515686035,
  "p95_latency_ms": 17.55380630493164,
  "status_counts": {
    "http_200": 100
  }
}