{
  "total_requested": 2,
  "success": 2,
  "failure": 0,
  "time_seconds": 0.10922527313232422,
  "throughput_req_s": 18.310780487378963,
  "avg_latency_ms": 57.69205093383789,
  "p90_latency_ms": 56.98823928833008,
  "p95_latency_ms": 56.98823928833008,
  "status_counts": {
    "http_200": 2
  },
  "sample_card_ids": [
    "b7f1a9a7-3d3f-4f33-9d97-777777777777",
    "e4c8f6f4-0d0f-4c00-9d94-444444444444",
    "a6e0b8f6-2f2f-4e22-9f96-666666666666",
    "b1e5e3d1-8f6f-4f77-9c91-111111111111",
    "c2a6d4e2-7b8f-4a88-8b92-222222222222",
    "d9f3f1f9-5f5f-4a55-9f99-999999999999",
    "f5d9a7a5-1e1f-4d11-9e95-555555555555",
    "e0f4f2b0-6f6f-4f66-9f10-101010101010",
    "c8d2c0a8-4b4f-4f44-9f98-888888888888",
    "d3b7e5f3-9c9f-4b99-9c93-333333333333"
  ],
  "duplicates": {}
}