{
  "total_requests": 200,
  "success": 200,
  "failure_total": 0,
  "chunk_failures": 0,
  "duplicate_trades": 0,
  "error_rate_percent": 0.0,
  "time_seconds": 6.0981597900390625,
  "throughput_req_s": 32.79677917372494,
  "avg_latency_ms": 9.220925569534302,
  "p90_latency_ms": 11.214971542358398,
  "p95_latency_ms": 11.583566665649414,
  "status_counts": {
    "http_200": 200
  }
}