{
  "total_requested": 1000,
  "success": 1000,
  "failure": 0,
  "time_seconds": 31.20575475692749,
  "throughput_req_s": 32.04537136785663,
  "avg_latency_ms": 4106.936930894852,
  "p90_latency_ms": 8415.244817733765,
  "p95_latency_ms": 9440.284013748169,
  "status_counts": {
    "http_200": 1000
  },
  "sample_card_ids": [
    "62fd3023-6792-4a12-a606-708107b0a6bc",
    "d1e942ba-266b-4687-9c60-108d3bed91b4",
    "891723d4-abf5-49a0-8ce1-252c38324cfb",
    "9ddb42ff-56c2-4ced-a4cd-10dde59846cc",
    "40d73565-d55f-45ed-8566-eab112ce7dfa",
    "9ef0bc16-c33e-49af-8c74-910e8d6603d0",
    "51781f8b-edc3-467e-98d2-cf0fd69dbd6f",
    "0bc21569-a165-436c-9aef-db18389bad5b",
    "cc34dd7c-3e23-419e-a501-177d3d1c7cf0",
    "2b52c07d-7cbc-486e-92c5-04c6778b5988",
    "61a57084-2d9e-4951-a79c-059ad5951042",
    "c3c36ebf-99e8-4e7b-a472-58fbad42680b",
    "73290a0c-e087-4dc7-a915-38696ad6ea40",
    "f9956a98-88a1-4488-bbe8-df8edeb5c6af",
    "4c0ff9e7-bae3-4caa-9b0d-7c23c4c45143",
    "255938db-3faa-465b-a76e-085a604d52f6",
    "134ca794-fa45-4e26-8104-e6bb752edc21",
    "77e42068-c5a9-4846-a51d-a625b71f24df",
    "ae89d711-3d0f-456d-8024-356dff0332f1",
    "4b091e8a-0572-4aee-b47d-114d0a998130",
    "b5ba974a-43da-4a5c-994a-4d3bd06544e6",
    "21fde62c-5bfc-46b0-be32-1d20d32d9e6f",
    "d4f78e36-50d3-4d7a-a645-61600f359862",
    "fda02012-1f65-4257-b425-7e4b85944f72",
    "6bb22b3c-0643-4187-ae97-3a760e7dbac0",
    "62c2e894-7ded-4d61-9838-f52ea34ecafb",
    "22f6364f-e754-478d-bbe9-4876f79e5fa9",
    "4a7e3256-70ed-4c03-853a-675bd2c4c9be",
    "0ce570f9-e202-4e78-8ade-1f050fa53cc4",
    "9a16757d-f1b5-423b-9d33-7b42f4b52de7",
    "4dfdc986-5670-4bd0-9694-846ba1886722",
    "0cbdf027-2c37-49c2-a23d-7b00dd6da6b2",
    "30956347-5617-4a6c-a99f-8b3f6cf39f87",
    "c6749256-e371-4dd4-a8f8-5ade255c3f99",
    "d2eee390-8679-4dba-a848-9c2762f826f8",
    "e24a7cf9-1eae-405a-b24f-cf114e377277",
    "b737c931-5997-4b64-99f7-1c108872782b",
    "c2a15724-231e-4705-bf31-d3af33846549",
    "fd68de8b-10fc-42a0-b91c-b52d8007bb61",
    "adad8890-c45e-4383-a15a-5b562a4620ea",
    "c413437f-9af5-465b-85b6-081ebaebb5e7",
    "e4cd7d9c-626f-482d-87fc-d8f3ec6c8c05",
    "f0086204-3a39-43b1-9b69-c2f5d3a3526f",
    "1ef30cb9-eeb4-44be-936d-4868c25bdff4",
    "c449819b-17ce-4687-a97f-0eedb2d4860d",
    "cd1e7b62-a030-48f0-ab57-bd1f74ace512",
    "21f04aec-19f2-4fbd-9c52-efa595597b32",
    "6db9239c-5b32-440a-be92-fac41235d04d",
    "d7faf933-3a7d-406c-b513-f1d29f319dfa",
    "c30b9b92-e33c-4cb7-bf6c-0e60105def92",
    "379d53b4-2d04-41a8-9d9a-686b35243562",
    "ef5925c8-415d-4053-87c8-a00b32d122ef",
    "e4e1f135-0507-4696-b20e-6db10ac62146",
    "2a850ece-4ad0-4f76-9400-12f49340c8b0",
    "cf59dffe-fbb1-4590-ae8c-761ed147de46",
    "1636dca7-8d3a-42d0-a9fd-3f63ed0ea7b4",
    "cbc413de-aa97-4975-8ab5-a2b718e6c3fb",
    "5db989f9-9be9-408f-94b3-7b36d9ba9b4e",
    "78a4df54-09ff-429b-a081-fd8c7917c521",
    "3097d8f0-c904-4b3b-bedb-dbe98b453bfe",
    "68aa19a9-b482-4e11-ab76-254312566ea5",
    "2d6bc2f5-be0b-4d32-989e-48284beeaa4a",
    "74ca3110-9ddd-4502-8f6b-be1403d9b14b",
    "2c30fe56-e576-4f77-a502-0c9d16407344",
    "15804715-466f-4cda-b9d2-f4880f66d8a2",
    "0316ce70-488b-44b5-a53b-5dfab9c5b497",
    "685e16c7-a919-417e-86ac-08fc22a64a19",
    "5efefe4d-539d-4cc3-8e2e-5e1df033796a",
    "cf9feed3-fbcb-4116-8423-9e173df2b318",
    "1ce0c2ec-8317-4e9b-98e6-437baafef57d",
    "1663a488-67fe-454d-b53f-0ba234882d8e",
    "5f1a7441-f304-4403-8e22-549bafe2873a",
    "4015aea1-7efd-4708-a04f-cbc5f181c9e9",
    "fbaee444-bcf7-4336-8335-6e4cc7b18828",
    "40bb66ed-5fb6-45a5-954b-d71b7ab6a06e",
    "429c8ec8-c33c-4d44-836e-1ddde55ea0c7",
    "246bda98-479f-47e7-886d-ee050906b842",
    "66e26afb-3d42-46a2-bcd0-b32e1690916b",
    "defeb7ed-a85f-450b-87d3-142498a6538a",
    "83e61e60-7c3a-4bdf-875a-da3e4331212a",
    "ace19a90-6361-4ef4-9a8c-f9c4320c6a3a",
    "791f76d4-7964-48fb-ae0d-e2973e78726d",
    "af6a899d-2501-4cca-a029-1500f818878b",
    "0dd28019-33cf-4c71-a291-5e9f2dbf7dc1",
    "5451153b-1f7e-436e-8207-bc174d0ca196",
    "6349e65a-c689-48cb-9555-f0ad8db4968d",
    "72eb6e01-b3c7-4ef6-b5d7-5d0aa8f8c015",
    "cdbe1886-b4da-4c4e-ab8e-bcccba8db40e",
    "37774b92-f180-44c6-be63-37d5fdb5217b",
    "348e1444-558a-43f2-8974-73fceb567686",
    "bf21bacf-bd77-48cc-b39e-4319ecfca961",
    "d55128c6-6526-4b5b-bfad-cf6afdbebc03",
    "91d5dbf1-ea3a-4bac-81fb-52d05df8c8e8",
    "4f04fac2-22c1-4191-8456-c959825800d3",
    "10c969ab-899a-4e24-a833-92fa6b65d280",
    "d1aafa66-8e0f-4e08-ad74-ad3148499d4f",
    "531ea284-60d7-4ee4-996c-d7f57fe39c4c",
    "2f2cad33-c908-4071-aee2-324791f45ad6",
    "b470ffb6-8ff8-4b16-b4bb-a108e211d37d",
    "ddbe46b1-0016-422b-baa2-09813a98fc88",
    "6b163d4f-86c1-4e28-91c0-cf11eda85edc",
    "25ca8ad9-b7dc-4f8b-988d-973d1f9a9e21",
    "ceec3bb1-fdec-41de-abd3-95e5e8746db2",
    "88eef8ec-ae84-42af-b7d4-371d958d3371",
    "05b63a7e-53f1-4b9c-8dae-5d18f02764e6",
    "e1f90719-42b2-4b72-8c84-7051d58bfd94",
    "15e46581-2502-44de-8e3a-2e2348e19a53",
    "582f9c24-2784-44b1-b486-7c8f0d3d186c",
    "36011f48-48a1-400e-be2d-1b3de5808589",
    "d52aadc1-5b66-42ee-b951-fdfea431f58e",
    "2ff16b79-3437-4e52-99ee-faa65d6335c6",
    "300c37d4-6d9f-4406-afe0-6974c0a30e88",
    "4183b9d8-4c36-4a16-81e0-67d1d0028ef7",
    "22fa98c8-85ac-48d3-8f65-9e252d744c5c",
    "257c0543-d17b-4a91-b2f3-924b3839b75a",
    "244c0f83-d986-47d1-b79b-395c97c78549",
    "cff1a6c6-a938-49bb-a1a4-df8953ae7d84",
    "b29fea82-edc4-4bf5-840c-9ba968e4cb51",
    "768585d4-6529-407e-a840-02c5c6ce6e57",
    "00aa04f4-517d-4e46-abe5-f6a933be4dc9",
    "ef69f1c0-af79-414c-8e5a-cb84c97cb7b2",
    "14e98d61-e31d-43eb-8618-28321deea581",
    "b708df3e-09b5-4627-bdd5-0aa9c3f2fac2",
    "0d4927eb-275f-4968-a99a-d06bd7ace379",
    "9efe2d87-e755-4e7f-8342-ea4924a7e0da",
    "f179db72-c430-4040-a1b9-27e9c9dca28a",
    "dc3e534d-10f0-4b2a-8aff-831036af0c0a",
    "41758989-8bd0-44bd-9bc2-a0e80906653e",
    "d70777a2-4adc-4deb-8f71-bdf95ba8034c",
    "58c9f38c-34ce-45c5-a2a7-784852ddd42f",
    "e65eb2fb-1985-47f6-a455-371873f8fc0b",
    "42628d15-76ef-4c1a-a0b9-aa0cb73bc029",
    "051ada1f-0a57-4c8f-b3ab-938c70a91a4d",
    "d9a7c0e4-571d-4cca-b4eb-74a82b6a7431",
    "d3c728e0-f3ed-496a-841d-8053f0d107dd",
    "4ea89e0d-9d7b-4c6c-8629-fd3c63383baa",
    "a2b7bea9-c638-45e8-8cec-7d1de75c92fc",
    "418976ba-a239-4f74-ac0d-7e5ce6a5320b",
    "9bfef88d-5c13-4ee3-8b37-45de4eb33ce5",
    "4a45bd7a-1b63-4243-8629-a03910d1f1e0",
    "22434cfb-ba8e-4f1b-97b0-aa41692ede0e",
    "15fdf427-128c-4293-b69e-ed6425707dab",
    "177906e7-4a82-40fe-8f95-3e696ecdca8e",
    "be8f3746-854b-4c10-b527-c6a37d56e9a4",
    "8d25e421-2845-4420-be2d-5b6d29f651f7",
    "c7e39a00-d067-4110-a93b-a67cfce17615",
    "d3fb2b9a-60de-474c-922f-f07a7207d716",
    "d1b54c18-6f8f-402d-9032-684a53ae9ff6",
    "bf4af6a3-624a-4f0a-a9a9-bae043e92c14",
    "65ca378d-6f5a-4e76-a5ee-f17e31a89701",
    "1422fd42-7a84-46e0-9998-74d1bb2a9d38",
    "6c86d50f-6dda-4a74-8f29-eed48d56aaf1",
    "f5cd88fd-546a-496f-ab37-3db23dbea0a3",
    "59bee945-b71a-41fb-9632-6f15b952d5d4",
    "335dfaca-5c6b-40ca-8868-92f5843a7620",
    "fdea4fde-7afa-402a-b1f1-1fdece3b3def",
    "dfd0d5ab-c8e2-4d0a-8f84-f0a612031ab7",
    "c528803e-3717-40f2-b8cd-3729a17141d3",
    "a0208d2e-f1b6-45cf-b4aa-b551d9a7e3be",
    "cdb74c83-0f8c-48cd-b245-c2de67c19938",
    "744dcf17-ace2-49d2-bd11-16d023db7fc5",
    "4c400082-c0fc-4ed9-a096-646f2ba2405c",
    "997c2039-4492-48b7-94ad-c281760afeb9",
    "f6abf78c-f9ed-4650-81a5-3c462cdef856",
    "3de908b2-8fec-4756-9be3-c7b15d6391b8",
    "3585adfc-391d-4371-81f3-a0680c59ba1a",
    "49eab112-a66a-4aa4-b93c-04b421ce12f0",
    "73b63e95-6628-4c1d-8b4c-5389a4e60e47",
    "6f30d453-80ae-4312-9a3b-9257501f0742",
    "596f0de9-0057-4a42-9c29-d5332f782d99",
    "449d3e92-0db5-43bf-8c72-736e887d7d06",
    "9ae3099a-8862-43c0-ad6f-666faf99bb87",
    "46b34678-deff-48f9-a946-804e231f9b19",
    "f9f66b54-a11f-4fa5-9513-83a9fdd70f34",
