{
  "total_requested": 1000,
  "success": 1000,
  "failure": 0,
  "time_seconds": 30.685075759887695,
  "throughput_req_s": 32.58913250940137,
  "avg_latency_ms": 3976.367041826248,
  "p90_latency_ms": 8041.079521179199,
  "p95_latency_ms": 9170.729398727417,
  "status_counts": {
    "http_200": 1000
  },
  "sample_card_ids": [
    "d3c728e0-f3ed-496a-841d-8053f0d107dd",
    "1a23cbaa-3ab7-4a36-9ee3-97bd5bcf9471",
    "bc96bf40-b50d-45b2-bbbc-38b56d21125d",
    "737ce15d-5e2c-49e4-b416-b692b194c30b",
    "f5eba195-b568-4645-b7be-eff8e75c9624",
    "34df51b6-5450-47a8-adf4-c66339ee6336",
    "e6eaf126-7eae-42bf-b141-1fad24d3f092",
    "2c729145-13e4-4bbf-b18c-e2e0204bc080",
    "a05a201d-b8de-404c-b06f-8664fc919118",
    "29f05f01-0544-4299-95fc-14f6f5f6653a",
    "aaf78673-f51d-499e-b9ca-fcebc4ce09e6",
    "3ea17e15-fc6f-4848-9f59-4f36b172f1eb",
    "e4a6998c-895e-4b51-b483-e337ad33f103",
    "7d977106-d8fb-4d59-bd3d-12370aa8a754",
    "67449998-cbc0-415b-b99f-0c865f01d32a",
    "ab76c0fc-38ae-469d-82d7-678bdd6daad1",
    "56a2cf09-cf9e-4006-9206-7011e095511d",
    "fe2383e5-6926-4109-b671-602752a6bf6b",
    "3e331583-2254-41b0-852f-45b4eb4956be",
    "f82ffaeb-68e9-441d-90b6-d5e6c668d361",
    "94e853d6-066a-4375-9de3-c13797bb51df",
    "a1219a70-4a8c-4ee7-b2cf-f95b3f6282b7",
    "2f13fb06-3906-4375-85da-4ae646ac8da3",
    "f8598a9b-bd0f-4941-9536-b520bccd26e6",
    "dcd909b7-9b33-40e0-9f49-290f031264e2",
    "a5481db3-0a7d-4aaa-90ca-ada33e0ee4f2",
    "c736ef83-5202-4028-9dbe-000e5a76e13b",
    "676a4936-c6ec-4b2c-b94d-3b90a479581a",
    "abfff315-322d-49fa-9bc2-d317ec845be2",
    "04fe5aed-b5c0-4af5-8fba-f95d29678398",
    "843b3bc1-22e7-4ae4-b226-fbbb9fca95d0",
    "8569a8e2-ff89-4660-8ffd-41a92062c990",
    "2ea6b160-1a5e-4873-b595-aa68f789d905",
    "9b7d1feb-8330-49d6-a80f-3a69fc063a62",
    "2a5285ec-46be-4690-b668-e8291f41a9ee",
    "a8031eb3-4e33-4ce4-a65e-a52a7909aefc",
    "1b82f5ed-f06c-431e-835e-d55c717d3265",
    "17db4327-21ce-46a2-9a17-e3884cc34fc7",
    "08390e7b-fe6f-4e2a-954c-201221eeac7d",
    "15180dd2-612f-4586-bb75-294f737807dd",
    "5e13a6a4-48f0-4ec5-bea4-23a70fc85083",
    "da89e6e2-f41b-47df-a8e4-1ce2a19cc4f8",
    "20b53510-9b73-4297-8090-6dfc8a0eb3b7",
    "3ea74a4d-f114-4699-ae6c-a9c06ba56c6f",
    "f52db60d-5bcf-4445-bd43-1727694c6c8a",
    "4eeee66b-d234-482d-a2be-dedf2d36fc21",
    "ac43a683-85da-48a8-b321-081c52f7a26e",
    "f7da3474-1940-4069-8c2e-0d2a1e48801d",
    "807bba49-4f86-4ec6-bff5-4d98e221ff53",
    "b8845ecf-0812-4e09-9d67-673706dc8e89",
    "edc42193-7d98-4c69-a3e5-e83a638793dc",
    "d9ecda33-45d2-4e5f-9fe6-e275282e83a2",
    "6638115c-9d32-4d09-a661-89331ae6993e",
    "c9ff6bfc-2e9e-432b-92ae-4340fc3eb3ce",
    "ee39122c-8d8d-4478-aaeb-ee32823a0a84",
    "e8ff8cce-7088-4077-8785-0e0235c04d40",
    "ce0c560e-cf67-4a1b-85fb-470d3f8cdfc4",
    "7a6f95e1-d80e-4d1b-a644-e1aa0c253227",
    "fc79728d-14e6-46ef-b083-4120de657aa1",
    "fc83d13f-9f78-4430-885e-5f2799ddfb22",
    "a641eb4b-2f27-49c8-b7c9-28ce888d8235",
    "bfc19032-7ac5-4220-a1f1-1667843b3e7f",
    "f63019bd-a33a-447f-ae04-674c24c0b6f9",
    "503fe66f-6e16-468b-a1b2-9d8b3002142a",
    "ada05123-055b-43c6-91f5-1bef1ec07d8f",
    "0effb0d1-9102-40ae-b35d-643dce5f3ef1",
    "7b8d1665-a0dc-45f7-b6bf-4361a9f7d004",
    "480b54be-3fb1-4839-bac0-bb8097b33a12",
    "574101d0-393f-4415-9735-08f5160263b4",
    "7cfde0be-ddc9-4457-b86c-7dc25f7e58bf",
    "51a67556-7694-4e18-b403-ae8119f66300",
    "fa48ac8a-c5ef-4c91-9cb8-a7f8c858c3ae",
    "854919b5-727d-4c3a-b8a7-db01ff1eef90",
    "50a3b107-e56b-4653-8ebc-a6bc01b28f83",
    "d8d818b2-d061-4f93-acd5-8b756e9a4195",
    "0849fd18-8561-4049-80ec-553f920acaf6",
    "6db1dd8d-78c1-4d76-b824-4516b59b677d",
    "b83c8b36-0912-45b7-9f31-a09911695dc4",
    "aa896fc7-c5e3-40a4-9347-3b09d429be28",
    "bfe1961a-cfa2-45e7-bd29-b7fc896d3313",
    "cdba4881-e2b7-401c-aa8c-78ff5ec4089d",
    "b0357596-c21f-4064-975f-8dd9d35cc071",
    "cee61183-0c33-4bee-91b1-6f78f4bab19f",
    "93a5433c-d7d0-4800-86b8-eab1ec770ecc",
    "a9bba3a9-04e7-42b1-8e35-683ae170521b",
    "885c8b1a-1c64-4f37-baa4-2507af630533",
    "43752ba2-11b8-4adb-9797-b38e26134af6",
    "7a74d054-0e7c-4e15-89f7-4155a205559f",
    "574a5116-ea5d-42f0-91df-0d63b906e2bf",
    "8b2865dd-6741-45c8-818f-dea0dfda4a71",
    "912ade0b-c55b-4bca-b5ac-2d7a02e97734",
    "3ef834df-3a0f-4017-aaeb-1ae6080a5fd3",
    "2ab2c77a-5479-4a2a-8568-647261d3e9ae",
    "e789ce3b-9a9b-435f-91b1-e27b740e31f5",
    "6905c0c2-0a12-4c6f-8250-fd56c78f501f",
    "66301484-29f4-4ba0-a948-b2008c9b100c",
    "e7acdec2-3010-4e14-80af-98a8ebc18a77",
    "bd6b031e-d1de-4bc6-aa8b-87595052a4b4",
    "696769ea-43ba-41d3-9b49-f710d91e28d2",
    "d57cf3ae-4477-42d8-b5e8-cbfc5bfb9704",
    "68ec8aa1-9d79-4a4a-91be-82b22168323c",
    "085e5452-0a7e-435f-b4e0-d404922b161f",
    "666d2ff6-593b-4cad-b11f-c38ad7bcc598",
    "48b1c669-cd3b-40b2-a406-1b528062688b",
    "cd883057-9ca9-4fc2-a0f4-61821d11c1b3",
    "b738af0c-4f1e-4d47-89f8-a6ed06c89e3d",
    "06436d95-fca4-4494-813d-b72556583cfb",
    "8b9994ff-7f1e-45bb-b8d9-6d095ea8e9c2",
    "19394db6-a5ab-478e-8471-cdc7a1e0b37f",
    "d1f2ba58-6e5e-4b8a-b81a-8049034f10e0",
    "76445f9d-ef7c-44f8-a537-8441e638b959",
    "51e162b8-c0f7-44e1-a8d0-05e2d56181cc",
    "9a5f784f-5317-4e2f-bc13-3723b2d7ea1a",
    "38cbc4c5-c64e-4d34-a0cf-9d99452f9d70",
    "363e2298-aff0-4a2c-b035-187bf3883fa4",
    "0cbe63c9-9ca0-4c16-bd4f-3a505306861b",
    "409939d5-a96b-4cfb-8a47-439a55f04dc6",
    "e044fd34-2207-4651-99e1-142837cde46e",
    "fca678f4-8188-492a-979b-0e4c361b9c88",
    "aaeae9a8-5f6d-49fc-81a8-3f7aa5cb4d6d",
    "98057fcd-49aa-47bc-84cd-a192572aefe1",
    "a67e76dd-e525-4df7-8efa-d8d0d2ce029e",
    "ebae5dda-f941-47e3-b014-aa49b402aba9",
    "e0812961-a697-4b69-8da6-3c38fba31d59",
    "5f80eeaa-d2a8-4d78-9666-6d361534d961",
    "81f5a97f-b75e-4ba7-beb4-8872166a63ee",
    "75bc16ef-6bba-40e4-9d8f-9a69db19a14e",
    "3f610dac-973f-4486-9571-eb6e925c1333",
    "72d4a6cd-8930-4439-94ca-134108603104",
    "75d8a1c1-3c41-4c8b-a028-36853190b72c",
    "ae89d711-3d0f-456d-8024-356dff0332f1",
    "c6e1f789-627b-455c-afb5-98ef6707cbd6",
    "7c965287-bb89-4e98-88f4-c374ba779ee0",
    "bad2b687-175d-4262-baf3-679e25f1e8b5",
    "c082df64-03c3-4d66-babc-acf2fd193471",
    "c7d44061-05ab-444d-abe3-aef7f426fcc8",
    "435389ca-33a4-4952-abc0-f47562900e11",
    "4b30e616-d421-4ef2-b277-c8557e576b33",
    "db5db5ac-9246-4d26-8886-1792f88fee26",
    "b8b86c24-dc82-41eb-a7ed-1da0c077e724",
    "89612182-b002-4691-8c6d-b2c57c211bd7",
    "d7b51348-ac59-4ac6-9064-1d68f73e625f",
    "bcf441d0-7846-4b72-a681-0332dd5b7e13",
    "ad4367ea-41b1-4078-82a5-e2b8d490c249",
    "6e4ddd96-5654-43c7-afc3-301915464cc4",
    "ca2bd159-0816-41ce-89ab-46ef037cb8e6",
    "4eabc7bd-f4f8-4911-ace1-2bbea80f564e",
    "fda6d627-c868-403b-83a1-6ec80520262b",
    "58370bba-e1ea-4cde-862b-7ebfa183c706",
    "7ba209a1-02fb-4905-83fa-2a29a57a8a0c",
    "c2a4d4b6-743d-4909-a440-5902239af6ff",
    "440550d1-8434-4841-91d8-5f75f0beae26",
    "23f7e5f4-7f0d-4f74-a2d3-ac37f9e7997b",
    "c5979d89-d92c-4880-9a60-c75068582d0d",
    "8b3448bb-3898-4a19-ac04-1603d43907ec",
    "37bf4cbb-1a85-4144-b77a-0c6a0f3566aa",
    "088a78fc-6255-4766-8e16-869368db2d93",
    "c528803e-3717-40f2-b8cd-3729a17141d3",
    "64b7a567-0806-4070-afe9-f3607b0ee082",
    "0b6570d9-c672-4a49-bf45-b4be4b292d79",
    "ce66661b-a972-4a58-84db-c50597981a1c",
    "13ea543b-a1cc-4abf-9c08-5b1d8a2cff95",
    "85e9f21c-8bcc-4eca-824c-7605adcac3ca",
    "22da70ed-5aee-41b6-8a6a-4a8a239261f7",
    "7b82c7a8-a93b-4dc9-a519-09cb6c094012",
    "8b9ebb54-e8fd-4d9c-8156-710635fa3f30",
    "6757c85a-2df1-4240-bea0-66e232392fa8",
    "cefc0f95-b215-4f16-b80d-03c94a23198e",
    "f488118c-dfd9-46dc-a696-3ce60e81299d",
    "2599861b-9ed9-478e-9c16-7ee12dd4cc42",
    "40b236e9-69ee-41db-9b07-816476cc2eb6",
    "acafe0c0-b23c-4ce7-b801-a90c45dd3fce",
    "71d08ec4-08a7-427e-9c5e-8d671ba60e92",
    "0a5fb18e-a80f-4466-bf7a-b46b9b29d814",
