{
  "total_requested": 1000,
  "success": 1000,
  "failure": 0,
  "time_seconds": 30.54472780227661,
  "throughput_req_s": 32.73887416752381,
  "avg_latency_ms": 3943.505045890808,
  "p90_latency_ms": 8163.331985473633,
  "p95_latency_ms": 9131.293773651123,
  "status_counts": {
    "http_200": 1000
  },
  "sample_card_ids": [
    "5096d712-cfdf-4e59-bd78-724bbc92ec22",
    "1c740a22-cd3e-496d-99f9-75b09458d20d",
    "c098da02-1f00-43e0-b8f7-c89f6d4120da",
    "3443eddd-4d42-4a1e-81af-eb8241178940",
    "4b407f2d-e33a-4b90-8884-281504f8789a",
    "2a739ee1-ac3e-4a19-9c8e-0d162170e2d4",
    "e211b8bc-ccdc-4cc8-ad65-8991aaa5e6d3",
    "7a5c88a1-0be6-40a4-8504-149c9fbdf58f",
    "b348c24c-593b-46b5-bd2f-4dd520a0876c",
    "7b8d1665-a0dc-45f7-b6bf-4361a9f7d004",
    "07f4bd42-7c32-4ca4-9746-04020acf7b9e",
    "56206225-db9c-4f05-9509-ced810e23a9f",
    "4efcb4ba-9dfd-4d60-8b63-7c5d8b0fcaa5",
    "80cbea83-cd3d-45e1-ba55-e13c63c5dab0",
    "a7d0c36b-7f41-4b89-8063-946ab39e37f6",
    "edbc1f87-55d7-4e98-85f8-bc5299b40d9f",
    "5ff168bf-7510-46cb-8edf-09cfe70e5368",
    "c95f8d2e-cf03-458f-a4c1-9ecfe3f9d7e9",
    "0c79c949-8af3-4d35-98e2-334bc6f5cbf8",
    "4f251f89-1886-439f-817a-fb69a80f0c94",
    "0b9d3441-e3d0-4432-bb5c-66631043e9b0",
    "ad8d10d1-f897-4ba3-ad4d-1b7052042078",
    "7a77f514-fe42-4ccb-b397-5ae1c1323db6",
    "c21f21f7-1b80-4557-9867-81b5710a651b",
    "9497edd5-8f95-49a9-8444-a5577dbb6054",
    "16962daf-bb54-42cd-829e-f7c1c26c0b0e",
    "5ac3b0d6-ffb0-49c5-be05-b33d9e36d8e5",
    "57022715-cb12-4aec-8387-f017df4e7f7c",
    "815252a8-039e-47c9-87b5-404be132217f",
    "c0b975f7-1ca7-4699-94d6-8761e2189061",
    "744dcf17-ace2-49d2-bd11-16d023db7fc5",
    "a4e7bf58-97ac-4f92-b9ce-6805b9e89c57",
    "aa273666-6fff-4110-a220-3ba0c4c15c62",
    "0584be05-6918-46c5-a3a2-e2c6f5e4f08f",
    "91f9a614-5ee5-483b-a19f-ce7b547a8878",
    "3b9f96ad-66ce-4495-9781-3f06df5c478a",
    "4e3aa487-4108-45b7-8ec3-1f0ebf2dde3d",
    "cd33fc66-c146-48f9-b3be-fcbcfd17194d",
    "67d31f4f-6dbb-4e2d-b3db-bbea1fe9d818",
    "2dedc715-bce2-43b3-982a-d9e1c4118010",
    "c69dc3d4-76f7-41da-94b8-a005290ef5d0",
    "1c0b0ac1-6ceb-44ad-8cc8-ee2e40ad37bc",
    "8852ac6c-9db1-4682-b371-f08b3d881605",
    "b9d62e3c-8e78-44cc-8d8c-31bffdb8a765",
    "7c616777-a42e-4365-8d69-9de0d2044443",
    "dda98dc5-463a-43d3-bef6-6e3670228bf9",
    "11843f9e-2ba6-46bf-8873-3d0e84a4d1a6",
    "8c15013b-99ca-4333-a35d-8f09afc9ad20",
    "64d5a91e-3d63-4740-8ab6-c0e450edd9f8",
    "cb98cdd7-a14e-4982-b831-82ec32b4e941",
    "ef914e75-e542-4fa2-978d-570c29306199",
    "64c272cf-7903-470a-8a8b-43599acaa5eb",
    "28645108-3f66-4e0b-88e3-a27b286e2a8c",
    "4183b9d8-4c36-4a16-81e0-67d1d0028ef7",
    "ae91e8ca-b3be-444d-b72b-99dc086f5f54",
    "eaaed8e7-8072-4dc5-83da-1f6a140a85ae",
    "5039c4fc-cc4f-4505-82c8-7d469fda8efb",
    "83f1651e-406b-413e-a874-4e0955861a46",
    "be4698d7-74f5-4efa-8e05-0792a74566b9",
    "f790bc45-c01b-454a-8e57-414c347c49f2",
    "18bad05d-ef06-4328-89f1-1be0f4b28f29",
    "f2130b66-a7e7-4d03-b387-ad387ada33f3",
    "79fc13a1-0c11-4911-a9a5-19b6102b8290",
    "f5433d6f-a90a-45da-bda4-d614494487e7",
    "b9a23e06-47fb-4ebb-973c-4ea1d79ce6db",
    "d73d1c05-a8cb-4f6e-96b6-ae4e279a55f4",
    "56a10360-613e-4cb3-a519-07f1daa822d3",
    "4791faf1-1389-4403-909b-e39955302392",
    "435a88df-93b1-4056-bc56-739e6ee603a2",
    "2f69672f-da62-477a-8ffe-0087cc88ce85",
    "e03db404-aea6-4646-8ebe-be2217800ec1",
    "68264325-2530-4f2a-9368-92e4e910c612",
    "1dbe988e-aad3-4c42-80c3-3d76a9fca2f1",
    "eee735bc-578d-4d58-b95d-6fb84d94f053",
    "8834b2df-d230-46f6-b5dd-e21170d10edd",
    "1420a7b2-fed5-4216-bcb2-4d6b27348a96",
    "766bd59c-0fea-47e6-a999-23b677326d4a",
    "2035ec71-d69b-422d-b365-4c040db8bce0",
    "0fa64114-8cad-41af-ad2f-04355bd349fc",
    "9a2b3352-2451-4849-bb54-35ac20fc63a3",
    "ddd7182d-5786-4aed-ae31-14658bf62725",
    "49ec3970-e300-4702-8213-3e7aef029a05",
    "813a7954-e1f9-4b93-a913-18db5b63a4c9",
    "1ba4179a-9605-4d23-92ce-e075a4486d5b",
    "9087ef71-8e32-4b57-a04b-b900233ddee0",
    "b3c9d328-82cb-4c1e-9ed3-6dafde61967d",
    "6fa69a6f-9394-4517-b06f-a6919d9faa9f",
    "fbf3b210-1f99-4d91-bb06-3125441bb7d7",
    "283645c1-8ddd-45b7-bea0-f343f106a59e",
    "25d31b50-46c3-498a-8fb7-8e2f2e234631",
    "e3c3f16f-4ead-4a53-b186-578ab6af9db6",
    "ce6e79f8-7010-4170-a2c6-803c0f1e8798",
    "e2f08f63-ee82-4d12-881e-106fdfaa7b0c",
    "fcf4477f-11a9-4bcc-b697-3d3fb596c311",
    "0024f4a0-fa63-4afe-8e82-6b6b1e7a17ed",
    "6dc06c49-6a89-4342-9c13-20b57c707e5f",
    "9adb74bd-76af-4ea4-82c7-1f9b98e2d6ae",
    "5e47a283-e21d-4538-b01e-b55f4549e9e2",
    "2e85f257-0026-4f06-9e21-843d51a677c3",
    "faf90ce4-4770-4ecf-86fc-e143c970c38a",
    "7191f365-8b1a-4588-85da-5215e37cc537",
    "ef91053d-7c7e-4a6f-b842-93a7fa75d209",
    "5c48260a-1d47-4d1a-a288-c2e343095c14",
    "bbabfd08-fa08-4989-9b5e-eac626cfaba6",
    "38927278-e2fd-4d01-8c4a-ec685c82e3c5",
    "7ea97f48-426c-4af6-a6fd-263a136669a4",
    "0ffe1cb8-97d0-4f09-9e7e-b387f4a97f08",
    "2b53719a-d138-45ec-b731-a1198b171936",
    "ec4d5d62-4dd5-4269-be49-9e9f993974ac",
    "faae2504-09d0-4385-b59e-2e95b0379016",
    "e996722e-2851-4ae6-bbdb-20eb5e378f00",
    "9d92834c-1e02-43cb-91f4-889c0e9f2db8",
    "4f33b38d-0b51-4cd9-a518-73baf9a1620a",
    "8e287495-5012-44aa-8517-703aa225913b",
    "c5252299-5151-4728-aae9-fb447cb8dfa3",
    "7949d62f-46fa-437e-b829-dc900677bfee",
    "5efefe4d-539d-4cc3-8e2e-5e1df033796a",
    "c665e995-072c-43d1-96d6-35c6b88d6b5f",
    "c7f79949-a0e6-4e26-aecf-8f6f85184ff4",
    "17f18cf2-dbd1-447a-aa55-51b4e52d62eb",
    "8db23159-bdeb-44d7-b9fd-c1c9117b75c4",
    "422818e1-27ac-4701-8444-b582f36032bf",
    "58c7b060-ab7e-4bac-89b4-4b5a3e26a23f",
    "255eaa75-c160-49f5-9702-3c56e2e47e4a",
    "a00f59fb-7cdf-4087-a5fb-96603f8dadf8",
    "2720d837-d5f8-484e-9d1c-3f7d9b91d905",
    "14b222ee-e870-4879-9f94-57452548226f",
    "f6569735-595f-4334-9749-02f1d4e43212",
    "c8532191-e5ed-4d78-a35d-433715a043f0",
    "096436c2-d5e8-4277-ba1e-56e5a46d0285",
    "d1e664bb-7302-48cb-b091-7a99132be987",
    "a4cd77fc-a778-4b8d-aeae-bf874b0971cd",
    "13ea543b-a1cc-4abf-9c08-5b1d8a2cff95",
    "c1a2f765-a48d-48b7-8a03-ca5174c482ba",
    "50fe45fc-7270-4157-857a-72021c18fc2b",
    "3afc1df8-397f-47d8-a324-640d25d66a2c",
    "8f5c4e70-573a-48c3-860f-09313f8b3a21",
    "a0a708bc-85c0-451a-bc03-af97a7e8dcd1",
    "77f692f7-0ae2-4092-b8db-caef09a09685",
    "3cdc87b5-6153-4eec-aaaa-3710b42fe232",
    "46e45590-ae8c-4263-a78b-581ef28fcfa5",
    "3931a9d3-007d-4641-bdda-8f9a3df399ac",
    "3c8885eb-8a22-40d5-998a-930007bf7f05",
    "a602cbde-731d-48de-a3e0-2873ab9a6456",
    "7019c194-a3f4-4a98-b472-473d53808afa",
    "ceae2edb-3573-460a-8c92-6342cd53ae6f",
    "36419246-0fa7-4209-9c23-0183a4d5d599",
    "ddbbc0e4-8444-42ff-889a-d67c7f7c7168",
    "40834396-dee6-42bb-bb03-ea15ee32f36c",
    "79a924e0-1b3f-4fd3-a9cc-ee9c035c395e",
    "32fd8383-a7df-49f4-a13b-4499bbf988ff",
    "8b7b2b40-d5d9-4d4b-b31f-18d4014bbd0d",
    "6b1867ab-de45-4873-a1f5-084b625a58b0",
    "ed58ee2b-d5fb-4442-b140-9afd8207efcb",
    "b3b9efc9-9740-4bd4-abc0-c313adea53dc",
    "99cc6c72-5d39-48ad-be4b-2c0519a2003f",
    "20859291-185c-4af1-9cf8-437112e11559",
    "b05d1c7c-669a-4dbb-b0e0-4e2b996e7cee",
    "c4df0442-2278-4789-aa45-bb60d3d254ff",
    "f7490568-b9e6-4968-839b-d934e4aaa4e0",
    "c528803e-3717-40f2-b8cd-3729a17141d3",
    "bb44d1a9-a9bf-4d90-be3e-edad95b60332",
    "523e28ae-cbe7-4968-a5ff-0cbef3b2e3ab",
    "19d8b8a9-2658-4330-a8ae-55a4c9d7cd9d",
    "1842b11c-5a6f-4883-9c0d-a946fa50d341",
    "423788c0-0bd5-4854-933f-9d4f9dc24ba5",
    "20e584e1-2c2d-4325-8577-6d96c8a566ab",
    "cb46b1bb-ba41-415b-a43e-e6547548dbb9",
    "312f1541-036a-420b-8bb5-fd2753348f84",
    "34de6ea3-64af-4e15-9a72-323cd212414d",
    "ea531007-72f1-4674-9926-79389529d690",
    "9dbd1bfb-cda5-45d1-831f-34132fd2d996",
    "4bcb88c3-8c90-4d44-9f8e-dd8922ed11ac",
    "14ebefe7-7687-406e-bc4e-7b5e8f87ddb1",
