{
  "total_requested": 1000,
  "success": 992,
  "failure_total": 8,
  "chunk_failures": 8,
  "time_seconds": 24.063030242919922,
  "throughput_req_s": 41.22506558756775,
  "avg_latency_ms": 2596.715851545334,
  "p90_latency_ms": 7133.1946849823,
  "p95_latency_ms": 8273.528575897217,
  "status_counts": {
    "http_200": 992,
    "CHUNK_FAILURE": 8
  },
  "sample_card_ids": [
    "5266e21b-33bc-4423-b656-a5400ff888cd",
    "1422fd42-7a84-46e0-9998-74d1bb2a9d38",
    "a4862309-0fde-4084-adc8-be72e68bb0c8",
    "b7099f2a-8d6f-44c4-9e10-eda8c9f3e41c",
    "5bcee832-ed30-4da0-ace2-c9719f7aa80d",
    "8b8bf894-ca22-4db3-b673-ef6847b5224f",
    "2b3b0a37-eefc-42c5-81f8-cd701bde1c07",
    "828aa73b-911e-4472-96cc-375be4fd80ca",
    "219aa8a6-fc3f-4721-b760-434f3e047d33",
    "b73731c0-0e7e-4f1d-9e79-8d559581ee58",
    "194a45a7-0621-4b39-a261-cf269a50bc48",
    "f0b65c9b-26bf-492f-90e1-2bf9ceda2957",
    "4d3c5ae2-3c8a-46a5-98e8-46f151e4b910",
    "8834b2df-d230-46f6-b5dd-e21170d10edd",
    "2417e072-e484-4114-b4c7-f80a3e106015",
    "ce6e79f8-7010-4170-a2c6-803c0f1e8798",
    "e4390568-d433-4327-bbe2-166ef419224b",
    "917264b1-bb21-4a39-8e75-292cb0056637",
    "261721f5-96bf-4131-b095-324fd456a79b",
    "f1d7208d-218b-4f6f-a430-71fe23db7ba0",
    "6af838c5-fe18-418d-836a-fb90cb78823c",
    "b02aa568-2b3d-4b55-aee5-489d982b1060",
    "d57cf3ae-4477-42d8-b5e8-cbfc5bfb9704",
    "97f6e9d6-a60c-49ed-a986-261f03728ed5",
    "caa32b65-91bd-457c-acee-118f5e94f143",
    "8a9e871d-b1c0-4f45-92ed-7ec14adb8b32",
    "1e29cc63-c528-41b3-9841-aeb1ee20f2f3",
    "54ff3ee3-ffcd-4962-8adf-50040bbe82b6",
    "32c317cd-3f99-49ab-8d55-2c72a0090c2f",
    "8f49e86c-f3d5-4100-9107-95a42e017ac3",
    "54871419-6ce7-412b-af43-09d2249321bd",
    "bbb951da-0318-437e-8106-25f3cdd578f2",
    "eadab829-e949-403d-9e07-6619fcc9b160",
    "d8ba7499-b46f-4b56-a4ca-e5995f855d4f",
    "2638a538-b5b1-4d29-8ba8-a3851d02b8ae",
    "39db0e0f-7799-4fbf-89ab-923853e13ef0",
    "4b14841f-c6b5-4189-b5ce-7a0106f84dda",
    "0aa6660c-135b-486f-931d-e98717614530",
    "0f38ef3d-bf3b-48e7-b45a-cd5f1ff701c5",
    "1fcd90aa-60c0-4f5d-ae6e-532506816139",
    "439b0dd6-24a5-4ad9-b099-662cd479304c",
    "93dc80cd-be22-4640-aced-1fc3111f0a1a",
    "334b717f-19d6-433f-9142-55f336f505f6",
    "e4cd7d9c-626f-482d-87fc-d8f3ec6c8c05",
    "16cc3cb5-e65b-45ca-a57d-5ab104022f66",
    "4d0d43be-d1bb-4abf-8b0c-79ced5998b6c",
    "9ac850fb-6636-4291-ae69-1344e2cf4b79",
    "ec9bb3bf-c163-4fa9-9a77-487e2c43d681",
    "2bf4efb0-91eb-4140-bf3e-97baa9d05e87",
    "57af3070-2126-4160-b5f4-c6de8db8a585",
    "95678f69-3060-4afa-94da-b502871fdf99",
    "36d07b9e-d22d-405e-8abd-e89db83ffe7c",
    "825f970b-06b2-4f1d-a1cb-4b313a20a25b",
    "0fa64114-8cad-41af-ad2f-04355bd349fc",
    "fda6d627-c868-403b-83a1-6ec80520262b",
    "23b48a3b-7b70-4da4-8fca-bdc4ed840920",
    "05e7bf34-db77-4c9e-a9fa-5c0db8aa1bb9",
    "c68b7dde-b26d-428e-ab82-50ca4f44713d",
    "d323c81d-1eaf-4c87-89e2-b0acac5ddbf8",
    "623f24bf-9f80-463b-bc2f-88f5b802334d",
    "677b8253-e195-4857-ad8a-1db54daabe6a",
    "9315fd78-dbcc-4e87-a362-afd4ee13c1d4",
    "f21746ea-4092-4cd1-bb1a-c8590d6d2a29",
    "1618aac6-d9e9-449c-8aed-cda57e034834",
    "2e8b1be1-2cb2-40ea-b642-7e36ad52091d",
    "b3b469d1-f598-4be3-886d-220fe510279d",
    "29115b47-8d6c-4641-81ee-1a55b8dc0732",
    "445b436a-4a56-496b-a8a7-26ac82d5b83f",
    "94902f26-983d-4f5f-8008-f177dee2dae7",
    "2c1b3589-7b02-4037-a4c0-b2137c346334",
    "afb6b36c-69bf-442b-8614-ae95d0f25bdc",
    "e35b4849-9576-4316-93b1-fc6f5d952672",
    "4a173da7-7880-4767-974a-47b739f6c9f1",
    "6b68467e-e6ee-433e-b47f-e9eb389476f3",
    "29e2554a-2e00-45b5-ae60-7364b17eeb20",
    "52ec7dc8-416d-4529-abc0-39a03884a20c",
    "657172bf-4447-40a2-b605-61e1fad0318c",
    "eb9dd837-59ac-4cb6-a775-9a0ddd5d9dda",
    "c8bcd33b-a474-4897-b951-ff2da12a84f8",
    "9ef0bc16-c33e-49af-8c74-910e8d6603d0",
    "079ea0ac-fee3-4011-867b-77a725bf3e2a",
    "176be36d-64de-4105-8c99-07de9f13c900",
    "859b9d94-f1e5-4ed6-be8b-ff95aa637408",
    "f91ef864-2901-4460-b48a-b8ba18557905",
    "8061139a-6b20-41f0-8cec-c716fd209c80",
    "997562ff-c332-4e6d-84f6-3bf753b85be9",
    "c7abf6f2-3c73-45bd-b03f-814bfd83f6e2",
    "f72790ce-fd47-4184-b1ed-631235918aed",
    "32ec9307-a5df-4255-bbbd-bb724795c49b",
    "58370bba-e1ea-4cde-862b-7ebfa183c706",
    "f83e2a8d-3eba-4804-a144-370ac83f5187",
    "c2db9f7e-0c34-405c-94cb-581c017ef9d9",
    "3cf3e90f-f596-4545-bab0-2aa1a69db1ed",
    "853b68a8-9330-4d73-827d-24ed57ac930d",
    "8134d6f5-1aa7-44dd-9289-a198b2a0a308",
    "2d3874ef-00e7-4494-8184-4d5409001a07",
    "8e82189c-5788-4549-9469-388b123caaf0",
    "bff86740-2c07-47d5-91f7-f9f81f78a581",
    "23473f21-74cd-4976-80e0-2282fb6c8be9",
    "34bdd15c-5635-49b1-9555-c7746b988aa5",
    "261e5600-8f66-430d-85b8-dfd08484a62e",
    "c0487e28-4ace-4707-afa0-92fd049d3ee8",
    "cd57cae7-ede8-4b91-9759-3982ffc5a6e9",
    "027cfefc-8be1-4dba-9b56-7fe1d4a92c72",
    "697b938e-ab26-42d6-ba78-fca2fb49fb53",
    "08cbf71a-87ff-44c7-88a6-27eb24da99ec",
    "2660f64a-cb01-428a-9ef8-ad562c812e73",
    "0ecf3218-4bde-4d84-bb7c-bae53bcb2f55",
    "699bce2f-cfd9-44c7-a985-58a6dc05eea5",
    "ac810ab4-dd69-4695-92f0-d352bbdcd856",
    "8e153c15-b7ab-401f-821d-91958420380a",
    "f5fc56c4-9e6b-4cd9-b6d4-08ba8e880eb5",
    "531f1ead-4d3f-44b9-aa29-2255c32d2d09",
    "53032232-b302-448e-8210-66810d024f0c",
    "599aa44b-c154-4319-9d58-a0df4e7b634f",
    "58110085-a89e-457f-8700-6de97894b6bc",
    "2fd87884-3b67-497c-a334-9202336228da",
    "3a19182f-8a8c-4137-9025-0bd498a6b0cd",
    "70ec2d7a-90bc-4454-a6df-13c05e1b0066",
    "7c79ed68-a720-4c43-822a-daff8476d566",
    "36820aac-900d-4208-aebc-cc290dfdaf2f",
    "9595f5e1-42fa-499c-87e4-dffddbc694ae",
    "46a715bc-712f-45fc-9771-feaa6cc569b3",
    "a7799502-4da1-4473-90d4-d3739c2e31c6",
    "6c8e7af7-1f0f-480f-9157-a6065669e90a",
    "38d46fb1-4452-43f1-bda5-be3678579c38",
    "71811122-080a-4750-bde2-f9d42c565430",
    "1af1abe7-a987-4bd2-9787-38e547448369",
    "190d9c08-3f84-4d5f-ba04-6faf29d63be1",
    "bdc94689-c1d9-4cff-a24b-4ce44070ac6e",
    "abf0407a-cc8c-446d-b049-bb5341ef4ac3",
    "0f7b3011-98b0-443a-978f-ef8db1b16a50",
    "0625c58f-73ad-4c5f-b150-c86fb98db434",
    "ab0b5de6-a556-41f4-85d0-5d97836938be",
    "2edf2e3e-39a2-4c54-bbb7-80029bc30a50",
    "1901cebc-7d98-4b63-a64c-62b211bfeea0",
    "45a5f935-1966-46d7-8d3e-c09a40174aec",
    "7616ae5c-e005-4a9c-92ef-a8b70208230a",
    "ecac0c23-f3b0-4949-87ba-c34dba330433",
    "913ba40b-212a-42ec-b953-2415f0f48475",
    "cbd1e3aa-8c90-4d2e-acbf-59b8ee8a200c",
    "876070c7-ceaa-4ce8-b361-8aee4bd3c344",
    "4b6cdab1-d39d-4c60-802d-de4225431320",
    "6ff9d07f-82e2-4268-b00d-ea1b88a37476",
    "325fdcf7-aafb-41ba-b36d-ca0a612023d5",
    "2479d74d-43fe-430b-9f59-100e57085eca",
    "2a67be9b-28ac-4b96-b36d-1e0d52150154",
    "b395d42b-417d-47df-ae32-6aac51ed2b0a",
    "0f39e4cf-e2d1-411f-bbdb-c3c9c5b38f2a",
    "60145f60-0dbc-4d95-9033-75c2a88bab8a",
    "733d5876-4d3a-487a-bb6e-a24df3d854fe",
    "c54f7d8a-7091-42fe-8d08-3dac4c34cc88",
    "6aec0473-d8c9-4fd5-bad3-59c77debb2e4",
    "7cb021b0-dd1d-4d7d-832c-17767a296add",
    "2d9fb9a3-daaf-4406-8b65-2e82a5192f83",
    "4785b73f-067d-444b-82d6-16f5b3f8f9de",
    "d5e2ae09-ae12-408e-a557-9989ac0531b9",
    "43bc9be3-91dd-4d8b-9494-9732cac37066",
    "6a1a89b0-0e27-455a-9998-e4548fa7834e",
    "27866d48-6c2e-4e83-b77a-3ce745569829",
    "a6552b29-3258-4cc2-ba98-5ffaf9d4df5f",
    "916713a0-14fe-4fed-9784-c7849795933d",
    "a68afc2f-b3c9-47f1-aeb2-c5c184092f00",
    "72035fc1-303b-4e97-bbab-c0b60d0a832e",
    "a1dda3f2-d2cb-492d-8111-5f1963af67b0",
    "5ea2d38a-ef6a-424b-9270-6d463f9219d0",
    "8019b1d3-7465-41d3-8202-e55de0ac4881",
    "ff570584-b3a7-41d3-a194-0393a6b4d839",
    "0c851496-bd39-46c1-9df5-5064181a6d46",
    "dc48852a-69fd-4eb9-a1a9-894c93c72b44",
    "0584be05-6918-46c5-a3a2-e2c6f5e4f08f",
    "bf52135a-cf02-48e6-929d-b5ce6dbac67d",
    "9adda01f-b2dd-49db-9cb7-848dc0a2c86a",
