{
  "total_requested": 1000,
  "success": 1000,
  "failure": 0,
  "time_seconds": 37.82521843910217,
  "throughput_req_s": 26.43738863292963,
  "avg_latency_ms": 5247.308078527451,
  "p90_latency_ms": 10507.806777954102,
  "p95_latency_ms": 11850.300550460815,
  "status_counts": {
    "http_200": 1000
  },
  "sample_card_ids": [
    "22d16287-6dc3-47c1-9a3f-d390600d6e0a",
    "409360ac-3f91-4266-ae8b-77c439ded56c",
    "1a016516-5488-418b-b28b-1a121ec4d971",
    "d375c738-50e0-4749-b1af-d25c713cb29c",
    "7fccea7a-669c-466d-95a2-ec73dca08eaa",
    "64d5a91e-3d63-4740-8ab6-c0e450edd9f8",
    "97b02db0-221c-497f-a822-8086a45cc073",
    "95f12256-7966-4ca6-841c-95db43ba909f",
    "303858a2-f752-43c9-b322-9515910a0657",
    "79fc13a1-0c11-4911-a9a5-19b6102b8290",
    "70270de2-46f3-411f-871b-f1c7bbde851e",
    "5698adc9-03b1-425a-b27f-d05271cc923b",
    "26b15259-6aa3-49e9-9ad1-96435c689f38",
    "6ed77b81-8df2-4f91-b3db-b87f69759852",
    "c76b5d27-d29d-4505-b933-334d346deb22",
    "72bb4cec-f9d2-4ca8-9c4d-7c8ff13a9dcc",
    "baa57ecf-0c52-427c-b9d7-8da0aebe4437",
    "009b0817-dac1-4c94-a0c0-2ac8410bc3f3",
    "6fc73004-c925-44c8-a6b2-c73d32d52ee0",
    "cc22615f-566d-42cb-a9a8-755171a84784",
    "9a6977f6-9aaa-4b74-b1c6-f5779a9163fa",
    "8e287495-5012-44aa-8517-703aa225913b",
    "7cd60ac7-4796-46cb-950c-b508801a10f8",
    "fcf99564-f7e5-4647-937d-ef1c49266f7a",
    "40d50745-3f92-4272-94d2-56a802a7bed9",
    "9f2b810a-67a1-4beb-9e6b-08fc8a50073d",
    "daa38804-6a5d-4e67-8da1-88cb7367a110",
    "a1e361ea-80d9-4d77-8cf4-da4f3e413f86",
    "b5bf193a-a07f-4d1f-a7ff-e18e69ba1751",
    "12f2f149-9325-4a77-b379-21122a67a69e",
    "70662d46-acf4-4100-8104-75499c3b1ac1",
    "2f6009c3-42e7-4701-85a7-8c5f56520de3",
    "45a5f935-1966-46d7-8d3e-c09a40174aec",
    "fc61c59b-c2e8-4447-95a2-b312f01633b2",
    "1a90d74a-d50a-4bb3-8da0-a303c38a3b77",
    "effefd18-1450-4b5a-9bd0-17fb683c2669",
    "21398da2-f252-49c6-8134-ea1172f72bd5",
    "5f7f25d3-b7e7-4161-b00e-f7427927d788",
    "af24d6ce-5f18-4656-8c27-8d46d3d76aaf",
    "d4076966-03db-4b2a-baef-cda384826b44",
    "c28cfce1-45c7-48ee-9c11-5285a83e4a20",
    "25d31b50-46c3-498a-8fb7-8e2f2e234631",
    "6ad4539e-ea6c-4874-b069-0805aac87219",
    "4761e048-ee6d-4378-bb1b-b8a3ca75ddb8",
    "b0454078-6838-4bc3-a652-c38f6f1f4ff2",
    "57d69eb4-fdc2-480a-92a0-441482d69e89",
    "820967a9-466d-4cf9-b6d8-84ea07ab883d",
    "aa3aecac-1ae0-445f-bf63-15dd15949541",
    "581ac94c-05df-466d-92fa-f87103d56c3c",
    "1c740a22-cd3e-496d-99f9-75b09458d20d",
    "e2d1705d-5f34-4dee-8ced-cb25e44d99fc",
    "5ee8cd0e-8cee-430f-a2dd-97317bfbeedf",
    "12ee3929-bc72-4c87-93c2-466781e383d6",
    "789c2829-48f7-4abc-a286-aabb290b6575",
    "a3b780b8-fe4e-4f95-8257-02ff906a98bb",
    "1d99a8b4-aa2d-4ace-bd6e-48dbe887c71b",
    "061bf31f-3b26-49a5-9efe-bb518d13a2aa",
    "3f19bf30-8b2f-46fc-8cb2-046f54426bda",
    "a1dda3f2-d2cb-492d-8111-5f1963af67b0",
    "cf8d2de9-1b27-422f-bab3-3b56ece4016b",
    "9aba1b4a-8776-4a37-80cc-c717b189efd9",
    "2e4dd841-1568-420a-8fad-2308fbcd6259",
    "adbda178-ee97-4d5c-baef-8bc9b9b8ac78",
    "cdba4881-e2b7-401c-aa8c-78ff5ec4089d",
    "d7629ccf-f30c-4053-b01c-8c76f2582da9",
    "96a308b7-86f5-4a67-a5a1-716e870ecc03",
    "cb62d8a8-a702-4c92-859a-91491eb10451",
    "f4922450-0277-4173-b1ed-c9508b6ed102",
    "972aefb0-ce1f-48fc-89f7-a1c67263fb1b",
    "fb2deb92-3f63-4083-965c-530e341c6733",
    "31c85e73-52da-4d08-afae-ef36c05f9fce",
    "3c6bedc8-e478-46b2-9518-d146d945e900",
    "a76275ea-e59e-4869-8c38-a9b4c3376bcf",
    "7decf7a8-8270-493b-82c0-a348b3cb58dd",
    "49db3258-efd5-49e5-862c-1d37220a964c",
    "18b5a7df-0ebd-4bff-b640-597c92a86f9f",
    "1a73c6ff-9b0e-4a34-be38-397ed9b9aa57",
    "5c8fcca0-2d33-4ee0-aabc-4a12714a7397",
    "385135e1-b8aa-484f-b4b5-81a90a327dfd",
    "ee1decbb-80a2-471e-a6aa-070ec9d9a4ed",
    "e23c02cc-4598-41d2-b39e-14b12b85507b",
    "0b3aad96-bddb-4d71-9839-4b0e67454b9d",
    "b5b19a64-93f2-4398-af69-78eaf29a9a9c",
    "0b9b5ae6-4a0f-4233-bbf3-4cce906ea783",
    "64a48b28-150e-4a59-85ea-77941809ae96",
    "4597dbe0-e263-4571-9e66-599431c642af",
    "d3cf5436-f4e4-4008-9284-41a309a581ee",
    "bb7fd0e7-33f1-4cd7-9455-11b4d5d7eab9",
    "db2722fb-aa5a-4ea5-a1ba-33523c4fc90f",
    "3810b18c-8d15-4d23-935d-966cb825c877",
    "ae37e12a-fe78-40db-be67-72f52ae9028c",
    "d0e5df10-ba5b-4a6d-8b0f-ced4f690167a",
    "99d4a84f-9087-448d-ae32-46bcddea6627",
    "8961469c-e3ca-4f07-8b24-f85bce6fae2a",
    "823f0c03-02af-4adc-91c4-8c20e64251e6",
    "3c9d6323-43d3-4a7b-a2a1-b7ad09db053d",
    "e99e3d61-ddd8-458c-b9bb-17c3fa7daccf",
    "afe943a9-794a-40fb-96ba-6275907ef14a",
    "95d615ad-2e02-4451-aa8d-d07f0550b153",
    "a84021e7-2578-4e6e-af08-a054e0e3fd1b",
    "983544f2-2d08-47a9-b859-2aed61ceeabe",
    "66b9ff7c-7046-4b1e-be4b-a02eff671e7d",
    "d9e5b2e5-c41c-49d9-acfc-0890000442ed",
    "c8bcd33b-a474-4897-b951-ff2da12a84f8",
    "b1023bca-bab1-4286-b411-c3cf7045e5fd",
    "c97e6a7a-ae28-42d0-845c-699ee206de6a",
    "898a909d-b3d3-4619-9608-41db1eb5973f",
    "847e4dea-84c6-48b5-aa4e-96bc15d25a53",
    "aaadc7a0-5258-4e34-bc15-de45efa83eed",
    "7ce8c94c-cf1b-4273-8402-57c70ee94df6",
    "9a317ef7-4ae3-4536-abac-3672fb76350d",
    "343f38a5-886b-45a2-93c0-afe478feaebc",
    "7962c9ed-0c94-44d7-8d67-aa26f9458902",
    "fdd3db34-a980-4718-b7e9-30f75f76334d",
    "cbcbac21-c0c8-4ad4-bca1-08280b676c53",
    "72721e6c-2382-4aee-b20b-db5245ba3dfb",
    "9ef0bc16-c33e-49af-8c74-910e8d6603d0",
    "7a81f5c8-5be9-4853-b3d5-9105b83a8800",
    "444f36f7-f42a-4942-85a4-a03b54606480",
    "ddf7b1cf-9681-4950-b8f2-c8a5a68149df",
    "ceec3bb1-fdec-41de-abd3-95e5e8746db2",
    "2528e252-529c-4088-bdc7-e296949b7ef5",
    "3bd7afd8-c150-4d64-8a13-3c3cb8bf0b10",
    "a30c553f-f00f-4309-9f73-7fb0b08a2ed9",
    "4a7a23ed-1a7a-4993-999d-6b2f334b7cf6",
    "589f5966-d1e7-4a51-82d0-6f451983f9ab",
    "92075aa0-8320-4691-97e8-a66c71ba8550",
    "d58d0392-1d23-470e-b30c-7227f59c4949",
    "c505f36e-cf99-4a8b-bbf3-a79398032f40",
    "b5644499-10d6-4158-be3e-8574f5284595",
    "8ba68ebe-4d91-4215-a9d8-f14d5cc4276f",
    "5c0237bf-bb7a-4e17-a87b-2757ad32fcdf",
    "b3d70930-273b-4d38-8f71-3c5d5c7880b7",
    "3322548e-7773-424e-a88f-b86bfedd6eed",
    "d616ae43-a6fc-435a-abb7-2b066d8014a2",
    "fc0e8d24-cbbc-454f-a877-95ffa89f43c0",
    "2b2fa336-235d-4045-ab5d-8c0672d17fcf",
    "6c17efd5-dc40-438d-ae3b-d00fc1596452",
    "74ca17d8-2277-4704-8c7b-4f238099dd96",
    "49a3d5ba-5b36-4b45-bd65-dbb491a401ed",
    "20859291-185c-4af1-9cf8-437112e11559",
    "1494a5d6-e279-4c48-ba35-44cc0d2d8287",
    "3e2ef22b-5b5f-4ad0-b91d-935b8f6b7f0b",
    "35ddd0e6-a2fe-4c37-8b51-d8044c19e23c",
    "30645209-0972-4947-bd65-da9c62c0b1eb",
    "9460653e-8770-47c2-ad32-499dcfd68313",
    "548b8afa-fab1-471f-9c80-d2cc0c9b4d2a",
    "59e40d93-4b67-4ceb-a18e-0d0077615580",
    "74052b2f-6505-4f70-aa80-7ba140678ac0",
    "5ab5cd9e-1268-49d3-a412-2f8578a26e35",
    "386ac4a0-8ee7-45ff-8c3d-92a0c0c15fd4",
    "ef90dc75-39e5-41fa-8504-05f9204168a9",
    "5e96048e-77dc-4772-9d63-cc2268c6b891",
    "ac980f64-be24-4c5a-b090-75b833433492",
    "a43e1685-2150-407a-bf20-d0adc171acda",
    "e1568193-f8b2-4536-9805-218af88beb1f",
    "3e23b15a-7d41-4559-a931-56777ece200c",
    "490f0e54-30f2-4f26-aab0-d0329971b5b7",
    "588c7a66-c14c-450b-9632-8194bc02e6d6",
    "13ec0b4c-1535-4128-b42d-d71905115971",
    "15404dbb-7261-4086-8039-701ff26157b9",
    "a9aec857-8ba5-4da6-8b21-fb6f855879c8",
    "d2955aca-ec90-4566-900c-4fdc33056abc",
    "f01d32e7-2f50-4ed7-984a-4da8555a501e",
    "454745ab-e821-445a-8fef-911ee2a38fab",
    "6feacced-f86d-4a88-8f88-345d6799df9d",
    "036ab3be-8732-4aa7-a062-e637326d0cbb",
    "7c5a19e5-7eed-4e50-ae68-467985adaf4e",
    "49171ef7-75d4-4394-a784-ef6979ee8921",
    "ea8696e0-427a-4696-a0ad-d6988a46896c",
    "deb5ce89-9ad9-4dd4-8154-a5dcff0a9e6f",
    "c54b73ab-89b7-4d12-97b8-86e6993f0da3",
    "ee799e03-d830-40ff-8085-969f1f5fc235",
    "511b8f1b-83c7-4583-9376-ed2399d09c3a",
