{
  "total_requested": 300,
  "success": 300,
  "failure": 0,
  "duplicate_deck_count": 0,
  "time_seconds": 15.388262271881104,
  "throughput_req_s": 19.4953786658672,
  "avg_latency_ms": 14.608534177144369,
  "p90_latency_ms": 20.16139030456543,
  "p95_latency_ms": 21.8045711517334,
  "status_counts": {
    "http_200": 300
  }
}