{
  "total_requested": 1000,
  "success": 1000,
  "failure": 0,
  "time_seconds": 21.199355363845825,
  "throughput_req_s": 47.17124567407542,
  "avg_latency_ms": 2297.2249767780304,
  "p90_latency_ms": 4798.758506774902,
  "p95_latency_ms": 5450.197458267212,
  "status_counts": {
    "http_200": 1000
  },
  "sample_card_ids": [
    "557f3d79-dfb0-409c-a5d0-96cce8d4efeb",
    "7d834889-5d0c-4ec7-8b3d-fc01cb7afea9",
    "23448781-1bd9-4a41-92f5-f420adf765fc",
    "ebf463a1-a780-4605-b9e4-9fd047a72380",
    "0479be87-a622-4da9-aaea-bbb6ba264e7d",
    "f5b3f6f9-f844-4668-ac1f-2a86703bac4d",
    "43c1fd34-0531-4209-be2b-5cbdafbffe3a",
    "444f36f7-f42a-4942-85a4-a03b54606480",
    "b1ccfad9-f211-4f56-827d-8b165c1ceb0a",
    "38927278-e2fd-4d01-8c4a-ec685c82e3c5",
    "6f0ebdb6-60ce-4395-a853-546c0c5b04ba",
    "70c6b04d-2ba4-44ba-a0bd-3495cca9ab08",
    "33649634-3ba2-41e4-8aa6-fc34b92bd689",
    "57d009e1-3360-45a5-87fe-ce92ffc8ef3e",
    "ac8fc6d4-e342-46ca-b5a9-5eda51cbb2da",
    "d1c77ea4-7003-4e54-be49-3dcd1d6bf7e4",
    "10180b53-ee47-4466-adb3-5286b686194b",
    "35bb21f9-2fc7-41ba-958a-dba1b144be05",
    "9626c5ff-9d88-4f71-b97d-2d144a7e543f",
    "711a5ef1-d698-44dc-9eed-5d66347cb718",
    "0b58a787-c5b5-4441-85d9-a9181e5d6b47",
    "0ed2fefd-3bab-4779-a364-88c1e27db802",
    "4a2e977b-3d0c-4ba8-9928-7fae93907c6e",
    "70662d46-acf4-4100-8104-75499c3b1ac1",
    "365ba767-aa67-4824-91c6-795d41d1c5fa",
    "0118f347-23e6-49ee-a9c4-cc48adc5ff5f",
    "a46a3859-a07e-49f8-853a-b8dd545e5bb5",
    "c7fc0907-8e35-46b1-bd97-84112978cebb",
    "2bdbf67e-3184-4636-867f-2bd1636a6a26",
    "7fccc4a2-3a54-461d-a26b-8292eb1c085f",
    "b6ade9c5-4cf4-461e-b04a-3d59a654350f",
    "d0c0674e-a18c-4c80-ad6b-e09c7f6eae24",
    "f80147f4-4430-4729-a4d1-574a057b7652",
    "80bbfad9-2c21-4894-9e42-b19476c7c978",
    "1db0a269-a9ef-4a36-9804-01f030ce09cb",
    "5e29ff98-7244-41cb-87f2-52fb1c946579",
    "e52579ea-59c8-4ad8-8d4f-e58742bf1d29",
    "cef8f1d4-5f04-4584-a44e-0f8c6351ee79",
    "af5ce263-81b4-4ae7-98a8-7413100fe298",
    "c9587db3-4d36-4332-a5ae-9389545f5eb6",
    "19f4168f-a15c-4e3c-8448-b1aa475e72d1",
    "d79e4f13-c49b-4d15-a846-fd126ed6e83d",
    "03ba4a03-079b-4e31-b3c1-975d0d3f0ae5",
    "67e6a579-d935-4d65-930c-66c6b905cbf7",
    "266ad40c-d0e3-4c62-bbdb-2842657c64ea",
    "228669de-a30e-4c47-9302-fa0a931c2605",
    "5d87927c-d1d7-422e-9414-41fc792da7a0",
    "aa28a762-2b88-474b-9739-7b5a323135e9",
    "7015836f-8335-4716-8e02-2f3994f8238c",
    "635e9389-5086-4d23-a2fa-059362cd68ff",
    "b553572e-15c9-4f78-bc50-eb3f855e7a54",
    "b487510c-1be0-4a33-b6bd-4ab6d1ca11c4",
    "261c7b5a-2fa7-43bb-8d6c-a085cb168c1d",
    "77221565-6421-444d-96d8-3c24233cca0c",
    "b1121593-28db-4aaa-a31e-56fff485041c",
    "276c563a-7aca-4d59-bba0-42bab500405c",
    "f6287ab3-40c2-4ec1-879f-91bd7d36af78",
    "f59e097d-049d-4ae2-94f4-188bd3754955",
    "18e6c956-1f1c-477c-a74c-ee9a7b7d12a3",
    "84d610c4-6166-4501-8b8b-6a450d4d2640",
    "f0445547-4469-47f4-be11-ec487d1f7e4b",
    "817aba39-0022-4d48-a1d3-c134801a2edc",
    "b3f7b7a2-9a06-44fc-916e-179b58ede76a",
    "c1ed67f2-37d2-4b3d-99a8-bae4a24edd25",
    "cf7ed96c-8ce0-45fd-bd7d-f82209a8e4e1",
    "2480a53f-d07c-420f-bd96-5fa9e37ef80f",
    "a87b456f-6480-418a-8da4-a4ab3cd199c1",
    "ad4367ea-41b1-4078-82a5-e2b8d490c249",
    "ead35c2a-a144-4c44-a11e-e5e2d09ab6b9",
    "9717cc54-6f2d-4724-a905-b0ca910c50c7",
    "170d5ac3-8b4d-4fb8-98d3-4f80c4020286",
    "7531f126-aa66-4cf6-9cc9-9d67d0fb37f7",
    "98600548-75a8-4be1-8bb8-2c1dd2e82bad",
    "0439bac5-77cd-41eb-ac0c-1305fb66c8fb",
    "3afc1df8-397f-47d8-a324-640d25d66a2c",
    "e4bcb0de-6e63-4e56-b7f4-54034650f5b7",
    "cd0982d8-fddf-4a96-82f2-5836977f9ac7",
    "fc7843fe-61c0-4be5-84c7-d04a51c01ec6",
    "622aefc3-eb74-410a-9116-3c717127eda8",
    "fce029f7-bff1-4979-9078-63679789e0c9",
    "93af44d5-52a9-44c6-b99b-e0506806af67",
    "26cecea6-16da-44eb-bf3c-a4a88e79465a",
    "d82f52d6-e4db-4b87-9c3c-c14b2364acf6",
    "d5c3af81-6eb4-4f39-b420-817a006686a6",
    "dbd997c4-5cc9-4435-9abf-61371832d39f",
    "2fc3691c-ef4c-4a40-b30d-16f03135ac3d",
    "647c3437-39de-49f7-a500-d1da475631ee",
    "46277e28-c8b5-4ac7-90c1-15c397516896",
    "f16e6e15-011c-4002-b383-0ed04062a93c",
    "1921f256-9acc-43c7-bbf5-56399fd7cffc",
    "039f0222-150f-44c4-b195-37a23afa6908",
    "fbc025ef-1f30-4f85-9f99-c5d1b91a14f6",
    "51a29b42-b815-45ea-98b0-4ac02de600e0",
    "89bbcbc1-9022-4c5b-8faa-416e7cc14298",
    "db3740dd-ee84-4bf4-a493-9f3feff71097",
    "1028624e-0cd0-43ec-b28e-f18f58823a2e",
    "66688e1c-3bf5-4bb3-a7e5-5f41a5165b2b",
    "0e4919fd-ba6f-410f-8224-c1dab11d5469",
    "735f6026-59db-400c-a668-fced18a6ae54",
    "d7630df5-a02a-449f-80c3-437d34f17cd5",
    "983d71bb-5cc3-4e45-b3b6-aab1b5091907",
    "1bfd72ff-dbea-45f6-be4f-ff91cd3111dc",
    "4763f7e4-2340-40d8-a1cd-deca31e14bda",
    "05ec2ba3-a7eb-4fd1-be81-5dada427f858",
    "911d7f73-392e-4137-8069-d640fde41783",
    "f5519470-4c6f-4871-97f7-17c57c7de335",
    "5b3db316-baa1-4408-9120-2e0261290419",
    "6af57c98-d983-4669-9338-4ebe9d6e52df",
    "49f7b2f5-3c2e-42d3-9e18-562d7f4df482",
    "4db8af7b-9b56-4fcc-a9bc-91d54e0b0c9b",
    "7b7ec079-f6c4-4d0f-a5a6-15fa3cda29c3",
    "1dbaaabf-5754-4225-a6bc-bff1578ef1f6",
    "ebfe74c6-f340-4db1-8605-b1f1611ed693",
    "8ee86ced-74a2-4d24-8c01-cb2c9044f1cd",
    "081053a8-ede9-48e5-b37d-0f07a2a7c3fd",
    "077c6ae4-90ff-4561-af71-5dbb493dcb0f",
    "4fa9d4a4-893d-4638-9b7d-156c3c548d9a",
    "2e7317c0-1156-4fe1-a422-aeae3c35a764",
    "bce7018f-8d4c-4287-838b-0251c968d67f",
    "89e42ad5-9cba-49d4-b6cf-cc15cbeb1f55",
    "cd8a76bc-3afe-48df-ae0f-936997167d9b",
    "6ae7a3a2-d524-4078-86c2-2ca3a8be16b1",
    "a2717f8d-a068-425f-8dca-c5ff1dbd30dd",
    "a4065fca-f9b4-4cbf-8e79-22ff338ae94e",
    "0094e9dd-a511-4c16-a76a-f039ad1fe1ed",
    "8b8bf894-ca22-4db3-b673-ef6847b5224f",
    "c700f0bd-0506-4d7a-8303-0a869d088132",
    "e348b358-9500-4ca5-9a3c-a578c57540f0",
    "fc0399f5-33a1-4cc8-8768-8e95e02cf20b",
    "5b430901-403f-470a-93f7-4812c55f8c58",
    "83720280-a8a2-4e54-a54a-b29b9c826ebc",
    "49d7a861-a8f7-4df9-b6e9-167d51a4c5a5",
    "e2e28f9c-c322-4abb-8873-ba2c1cc04647",
    "d3fa0347-deb7-415d-b910-0d93b3335692",
    "62aaab42-441e-47ec-b657-b2a11d53ae79",
    "4910a1d2-6e6c-4fb4-88d8-e2fbdb72ada0",
    "2eecf637-7a0f-46cf-a8fb-afd46fedeb52",
    "a5c17e43-7f25-4984-b555-47bcbed3e46e",
    "8cfefe92-08e6-4bd4-b250-dd56b783be2c",
    "6269ebc7-4d86-4dd5-bd9f-1a75c26fc235",
    "854c5e91-92c3-496a-9e93-8d4af0e3120e",
    "72963d18-76a2-4104-b96f-6a0cbb3b68af",
    "71019f8e-5b43-4949-81ee-074102ae1581",
    "f33880ce-3fa5-4b33-acf9-1d09f4724691",
    "693cce8e-2913-4e49-ba43-7c8eedaf0875",
    "b04d18b6-3ead-4f7f-be05-c30ad262bfc9",
    "88174cf7-2f05-4ccc-ba3e-4760351c22e0",
    "eb83ff81-67e1-4254-8fa7-21dbf824a153",
    "eb7f9a66-103b-4ae1-b032-7f56e6c9d14e",
    "de2b1c0b-b0d0-4b33-92f9-1e78e13b31d5",
    "4b75cf04-984d-4157-99d5-4ca6fc27b346",
    "a83e691f-9384-42f9-a5fa-40185225862a",
    "17fc9eb3-587a-4f2d-82ad-c92f4f21661d",
    "e4cd7d9c-626f-482d-87fc-d8f3ec6c8c05",
    "0988df44-18cc-4b82-aa0a-f318f0f5393f",
    "4b19f748-de4d-4382-a604-08e165c3d520",
    "4e1a9169-6b65-47d7-9fc2-42b92cbce0c8",
    "38d1b4c3-37c6-4558-ab6a-329fe6f0de7b",
    "ee277b87-6a8a-4f3f-a688-3d195745e7e6",
    "589f5966-d1e7-4a51-82d0-6f451983f9ab",
    "825f970b-06b2-4f1d-a1cb-4b313a20a25b",
    "18b5a7df-0ebd-4bff-b640-597c92a86f9f",
    "a523cb9e-b3ac-434d-b0af-57d380627c7c",
    "e7ef35c1-c1d3-4335-b26c-549a1cd86baf",
    "f9f6dca4-43ad-48b4-9695-2220a934605d",
    "88db2402-4417-4282-ad9a-f4738c46a719",
    "df1000cb-7be0-456b-b16f-79c54fb4dd80",
    "54765569-a917-49aa-9611-a28b440d2e0a",
    "1e96573d-48df-480c-9e07-7d5cf51c21a0",
    "1ec6af6b-afcd-4a61-80da-6ced37fa1bd1",
    "fc1974cf-32d6-4b0b-ab24-95e8cee176ce",
    "73259d54-c475-4498-922b-8c57a0fdc132",
    "4b7d5aa8-b82f-43bc-bb4c-2efc15aab027",
    "b8428eb2-eda7-49c5-85e4-fae8aa7ad320",
